<?xml version="1.0" encoding="UTF-8" standalone="yes"?>
<!--

    Copyright (c) 1997, 2018 Oracle and/or its affiliates. All rights reserved.

    This program and the accompanying materials are made available under the
    terms of the Eclipse Distribution License v. 1.0, which is available at
    http://www.eclipse.org/org/documents/edl-v10.php.

    SPDX-License-Identifier: BSD-3-Clause

-->

<kitchenWorldBasket>
   <basket>
         <entry key="9027">glasstop stove in black</entry>
         <entry key="10424">backsplash kit in black</entry>
         <entry key="288">wooden spoon</entry>
         <entry key="289">salt and pepper shakers in yellow</entry>
   </basket>
</kitchenWorldBasket>
