<?xml version="1.0"?>
<!--

    Copyright (c) 1997, 2018 Oracle and/or its affiliates. All rights reserved.

    This program and the accompanying materials are made available under the
    terms of the Eclipse Distribution License v. 1.0, which is available at
    http://www.eclipse.org/org/documents/edl-v10.php.

    SPDX-License-Identifier: BSD-3-Clause

-->

<ex:folder xmlns:ex="http://example.org">
  <ex:orderHeaderE>
    <generalComment>A comment</generalComment>
    <orderInfo>Order specfic comment</orderInfo>
  </ex:orderHeaderE>
  <ex:invoiceHeaderE>
    <generalComment>A comment</generalComment>
    <invoiceInfo>Invoice specfic comment</invoiceInfo>
  </ex:invoiceHeaderE>
  <ex:bidHeaderE>
    <generalComment>A comment</generalComment>
    <bidInfo>Bid specfic comment</bidInfo>
  </ex:bidHeaderE>
</ex:folder>
